{"best_mean_auroc": 0.9998221906116643, "lr": 9.999999747378752e-05}